{"scope": "root", "level": 0, "parent_name": "", "child_nodes": ["root.embeddings", "root.transformer"], "flops": 136380.284928, "mem_bytes": 3411.0234375, "cpu": 9.412499809328562, "mem": 13.0, "gpu": 0.0, "gpu_mem": 0.0, "gpu_clk": 139.0, "gpu_mem_clk": 405.0, "times_mean": 0.040100531666367144, "gpu_energy_mean": 0.3506050617283951, "type": "model"}