{"scope": "root", "level": 0, "parent_name": "", "child_nodes": ["root.embeddings", "root.transformer"], "flops": 21883.355136, "mem_bytes": 2882.62890625, "cpu": 5.5134267266228525, "mem": 5.0, "gpu": 0.0, "gpu_mem": 0.0, "gpu_clk": 139.0, "gpu_mem_clk": 405.0, "times_mean": 0.005350576718309731, "gpu_energy_mean": 0.06177879659211929, "type": "model"}