{"scope": "root", "level": 0, "parent_name": "", "child_nodes": ["root.embeddings", "root.transformer"], "flops": 409140.854784, "mem_bytes": 10233.0703125, "cpu": 6.1824867875087195, "mem": 12.0, "gpu": 0.0, "gpu_mem": 0.0, "gpu_clk": 139.0, "gpu_mem_clk": 405.0, "times_mean": 0.06486839245236109, "gpu_energy_mean": 0.7712198412698413, "type": "model"}