{"scope": "root", "level": 0, "parent_name": "", "child_nodes": ["root.embeddings", "root.transformer"], "flops": 451522.06848, "mem_bytes": 12009.078125, "cpu": 5.808719097293166, "mem": 12.0, "gpu": 0.0, "gpu_mem": 0.0, "gpu_clk": 139.0, "gpu_mem_clk": 405.0, "times_mean": 0.0732780983712938, "gpu_energy_mean": 0.8594074222222224, "type": "model"}