{"scope": "root", "level": 0, "parent_name": "", "child_nodes": ["root.embeddings", "root.transformer"], "flops": 66804.645888, "mem_bytes": 2252.26171875, "cpu": 9.264984643179764, "mem": 11.0, "gpu": 0.0, "gpu_mem": 0.0, "gpu_clk": 139.0, "gpu_mem_clk": 405.0, "times_mean": 0.020484239171025674, "gpu_energy_mean": 0.168322842377261, "type": "model"}