{"scope": "root", "level": 0, "parent_name": "", "child_nodes": ["root.embeddings", "root.transformer"], "flops": 87841.308672, "mem_bytes": 6369.015625, "cpu": 5.4139206768849855, "mem": 6.0, "gpu": 0.0, "gpu_mem": 0.0, "gpu_clk": 139.0, "gpu_mem_clk": 405.0, "times_mean": 0.016452555646145357, "gpu_energy_mean": 0.1809871898597627, "type": "model"}