{"scope": "root", "level": 0, "parent_name": "", "child_nodes": ["root.embeddings", "root.transformer"], "flops": 10941.677568, "mem_bytes": 1441.314453125, "cpu": 5.836176470588235, "mem": 5.0, "gpu": 0.0, "gpu_mem": 0.0, "gpu_clk": 139.0, "gpu_mem_clk": 405.0, "times_mean": 0.00358774461090677, "gpu_energy_mean": 0.04286524187853107, "type": "model"}