{"scope": "root", "level": 0, "parent_name": "", "child_nodes": ["root.embeddings", "root.transformer"], "flops": 179377.27488, "mem_bytes": 5232.03125, "cpu": 9.421074058404146, "mem": 15.0, "gpu": 0.0, "gpu_mem": 0.0, "gpu_clk": 139.0, "gpu_mem_clk": 405.0, "times_mean": 0.050926266812983866, "gpu_energy_mean": 0.42454023919753087, "type": "model"}