{"scope": "root", "level": 0, "parent_name": "", "child_nodes": ["root.embeddings", "root.transformer"], "flops": 44228.542464, "mem_bytes": 1911.0078125, "cpu": 5.550980392156863, "mem": 5.0, "gpu": 0.0, "gpu_mem": 0.0, "gpu_clk": 139.0, "gpu_mem_clk": 405.0, "times_mean": 0.00926270269503378, "gpu_energy_mean": 0.11387553266178264, "type": "model"}