{"scope": "root", "level": 0, "parent_name": "", "child_nodes": ["root.embeddings", "root.transformer"], "flops": 225761.03424, "mem_bytes": 6004.5390625, "cpu": 9.41949620283858, "mem": 15.948453608247425, "gpu": 0.0, "gpu_mem": 0.0, "gpu_clk": 139.0, "gpu_mem_clk": 405.0, "times_mean": 0.062082169894818906, "gpu_energy_mean": 0.5084550462962962, "type": "model"}