{"scope": "root", "level": 0, "parent_name": "", "child_nodes": ["root.embeddings", "root.transformer"], "flops": 43766.710272, "mem_bytes": 5765.2578125, "cpu": 5.547338935574229, "mem": 6.0, "gpu": 0.0, "gpu_mem": 0.0, "gpu_clk": 139.0, "gpu_mem_clk": 405.0, "times_mean": 0.009197017425613543, "gpu_energy_mean": 0.11290761080752885, "type": "model"}