{"scope": "root", "level": 0, "parent_name": "", "child_nodes": ["root.embeddings", "root.transformer"], "flops": 133609.291776, "mem_bytes": 4504.5234375, "cpu": 9.413823320534547, "mem": 13.0, "gpu": 0.0, "gpu_mem": 0.0, "gpu_clk": 139.0, "gpu_mem_clk": 405.0, "times_mean": 0.038560730204796397, "gpu_energy_mean": 0.38174916666666664, "type": "model"}