{"scope": "root", "level": 0, "parent_name": "", "child_nodes": ["root.embeddings", "root.transformer"], "flops": 737213.939712, "mem_bytes": 17184.125, "cpu": 5.266187918198096, "mem": 18.0, "gpu": 0.0, "gpu_mem": 0.0, "gpu_clk": 139.0, "gpu_mem_clk": 405.0, "times_mean": 0.11727600668867429, "gpu_energy_mean": 1.4720580381944446, "type": "model"}