{"scope": "root", "level": 0, "parent_name": "", "child_nodes": ["root.embeddings", "root.transformer"], "flops": 480563.822592, "mem_bytes": 11526.83203125, "cpu": 5.338787690298403, "mem": 12.0, "gpu": 0.0, "gpu_mem": 0.0, "gpu_clk": 139.0, "gpu_mem_clk": 405.0, "times_mean": 0.07859957938033024, "gpu_energy_mean": 0.9715742270531402, "type": "model"}