{"scope": "root", "level": 0, "parent_name": "", "child_nodes": ["root.embeddings", "root.transformer"], "flops": 320375.881728, "mem_bytes": 7684.5546875, "cpu": 9.461354426319078, "mem": 19.0, "gpu": 0.0, "gpu_mem": 0.0, "gpu_clk": 139.0, "gpu_mem_clk": 405.0, "times_mean": 0.08997528578238512, "gpu_energy_mean": 0.8954606084656085, "type": "model"}