{"scope": "root", "level": 0, "parent_name": "", "child_nodes": ["root.embeddings", "root.transformer"], "flops": 545521.139712, "mem_bytes": 13644.09375, "cpu": 6.0522551092318535, "mem": 14.0, "gpu": 0.0, "gpu_mem": 0.0, "gpu_clk": 139.0, "gpu_mem_clk": 405.0, "times_mean": 0.08741844173461671, "gpu_energy_mean": 1.0997745238095238, "type": "model"}