{"scope": "root", "level": 0, "parent_name": "", "child_nodes": ["root.embeddings", "root.transformer"], "flops": 5470.838784, "mem_bytes": 720.6572265625, "cpu": 6.995500542559366, "mem": 5.0, "gpu": 0.0, "gpu_mem": 0.0, "gpu_clk": 139.0, "gpu_mem_clk": 405.0, "times_mean": 0.0035888530072146923, "gpu_energy_mean": 0.04319930170575693, "type": "model"}